{
  "HomePage" : {
    "transaction" : "HomePage",
    "sampleCount" : 19,
    "errorCount" : 0,
    "errorPct" : 0.0,
    "meanResTime" : 3626.1052631578946,
    "medianResTime" : 3506.0,
    "minResTime" : 2894.0,
    "maxResTime" : 5105.0,
    "pct1ResTime" : 4315.0,
    "pct2ResTime" : 5105.0,
    "pct3ResTime" : 5105.0,
    "throughput" : 3.721841332027424,
    "receivedKBytesPerSec" : 669.5861517507345,
    "sentKBytesPerSec" : 0.4325186704211557
  },
  "Total" : {
    "transaction" : "Total",
    "sampleCount" : 59,
    "errorCount" : 0,
    "errorPct" : 0.0,
    "meanResTime" : 1488.6101694915244,
    "medianResTime" : 898.0,
    "minResTime" : 70.0,
    "maxResTime" : 5105.0,
    "pct1ResTime" : 3841.0,
    "pct2ResTime" : 4159.0,
    "pct3ResTime" : 5105.0,
    "throughput" : 11.115297663903542,
    "receivedKBytesPerSec" : 1438.8796613013376,
    "sentKBytesPerSec" : 1.3321946236812359
  },
  "BlogPage" : {
    "transaction" : "BlogPage",
    "sampleCount" : 20,
    "errorCount" : 0,
    "errorPct" : 0.0,
    "meanResTime" : 124.65000000000002,
    "medianResTime" : 102.5,
    "minResTime" : 70.0,
    "maxResTime" : 230.0,
    "pct1ResTime" : 204.8,
    "pct2ResTime" : 228.74999999999997,
    "pct3ResTime" : 230.0,
    "throughput" : 26.490066225165563,
    "receivedKBytesPerSec" : 1874.3274006622516,
    "sentKBytesPerSec" : 3.2077814569536423
  },
  "AboutPage" : {
    "transaction" : "AboutPage",
    "sampleCount" : 20,
    "errorCount" : 0,
    "errorPct" : 0.0,
    "meanResTime" : 821.9499999999999,
    "medianResTime" : 903.5,
    "minResTime" : 126.0,
    "maxResTime" : 1293.0,
    "pct1ResTime" : 1112.6000000000001,
    "pct2ResTime" : 1284.4499999999998,
    "pct3ResTime" : 1293.0,
    "throughput" : 12.666244458518051,
    "receivedKBytesPerSec" : 1775.9460101329955,
    "sentKBytesPerSec" : 1.5461724192526916
  }
}